"id-1","jan","Male","20"
"id-1","jan","Male","20"
"id-2","jan","Male","20"
"id-1","jan","Male","20"
"id-2","jan","Male","20"
"id-3","jan","Male","20"
"id-1","jan","Male","20"
"id-2","jan","Male","20"
"id-3","jan","Male","20"
"id-4","jan","Male","20"
"id-1","jan","Male","20"
"id-2","jan","Male","20"
"id-3","jan","Male","20"
"id-4","jan","Male","20"
"id-5","jan","Male","20"
"id-1","jan","Male","20"
"id-2","jan","Male","20"
"id-3","jan","Male","20"
"id-4","jan","Male","20"
"id-5","jan","Male","20"
"id-6","jan","Male","20"
"id-1","jan","Male","20"
"id-2","jan","Male","20"
"id-3","jan","Male","20"
"id-4","jan","Male","20"
"id-5","jan","Male","20"
"id-6","jan","Male","20"
"id-7","jan","Male","20"
"id-1","jan","Male","20"
"id-2","jan","Male","20"
"id-3","jan","Male","20"
"id-4","jan","Male","20"
"id-5","jan","Male","20"
"id-6","jan","Male","20"
"id-7","jan","Male","20"
"id-8","jan","Male","20"
"id-1","jan","Male","20"
"id-2","jan","Male","20"
"id-3","jan","Male","20"
"id-4","jan","Male","20"
"id-5","jan","Male","20"
"id-6","jan","Male","20"
"id-7","jan","Male","20"
"id-8","jan","Male","20"
"id-9","jan","Male","20"
"id-1","jan","Male","20"
"id-2","jan","Male","20"
"id-3","jan","Male","20"
"id-4","jan","Male","20"
"id-5","jan","Male","20"
"id-6","jan","Male","20"
"id-7","jan","Male","20"
"id-8","jan","Male","20"
"id-9","jan","Male","20"
"id-10","jan","Male","20"
"id-1","jan","Male","20"
"id-2","jan","Male","20"
"id-3","jan","Male","20"
"id-4","jan","Male","20"
"id-5","jan","Male","20"
"id-6","jan","Male","20"
"id-7","jan","Male","20"
"id-8","jan","Male","20"
"id-9","jan","Male","20"
"id-10","jan","Male","20"
"id-11","jan","Male","20"
"id-1","jan","Male","20"
"id-2","jan","Male","20"
"id-3","jan","Male","20"
"id-4","jan","Male","20"
"id-5","jan","Male","20"
"id-6","jan","Male","20"
"id-7","jan","Male","20"
"id-8","jan","Male","20"
"id-9","jan","Male","20"
"id-10","jan","Male","20"
"id-11","jan","Male","20"
"id-12","jan","Male","20"
"id-1","jan","Male","20"
"id-2","jan","Male","20"
"id-3","jan","Male","20"
"id-4","jan","Male","20"
"id-5","jan","Male","20"
"id-6","jan","Male","20"
"id-7","jan","Male","20"
"id-8","jan","Male","20"
"id-9","jan","Male","20"
"id-10","jan","Male","20"
"id-11","jan","Male","20"
"id-12","jan","Male","20"
"id-13","jan","Male","20"
"id-1","jan","Male","20"
"id-2","jan","Male","20"
"id-3","jan","Male","20"
"id-4","jan","Male","20"
"id-5","jan","Male","20"
"id-6","jan","Male","20"
"id-7","jan","Male","20"
"id-8","jan","Male","20"
"id-9","jan","Male","20"
"id-10","jan","Male","20"
"id-11","jan","Male","20"
"id-12","jan","Male","20"
"id-13","jan","Male","20"
"id-14","jan","Male","20"
"id-1","jan","Male","20"
"id-2","jan","Male","20"
"id-3","jan","Male","20"
"id-4","jan","Male","20"
"id-5","jan","Male","20"
"id-6","jan","Male","20"
"id-7","jan","Male","20"
"id-8","jan","Male","20"
"id-9","jan","Male","20"
"id-10","jan","Male","20"
"id-11","jan","Male","20"
"id-12","jan","Male","20"
"id-13","jan","Male","20"
"id-14","jan","Male","20"
"id-15","jan","Male","20"
