cvoID",voID,memberVO
"cvoID1","voID1","memberVO1"
"cvoID2","voID1","memberVO1"
"cvoID1","voID1","memberVO1"
"cvoID2","voID1","memberVO1"
"cvoID3","voID1","memberVO1"
"cvoID4","voID1","memberVO1"
"cvoID5","voID1","memberVO1"
"cvoID6","voID1","memberVO1"
"cvoID7","voID1","memberVO1"
"cvoID8","voID1","memberVO1"
"cvoID9","voID1","memberVO1"
"cvoID10","voID1","memberVO1"
"cvoID1","voID1","memberVO1"
"cvoID2","voID1","memberVO1"
"cvoID3","voID1","memberVO1"
"cvoID4","voID1","memberVO1"
"cvoID5","voID1","memberVO1"
"cvoID6","voID1","memberVO1"
"cvoID7","voID1","memberVO1"
"cvoID8","voID1","memberVO1"
"cvoID9","voID1","memberVO1"
"cvoID10","voID1","memberVO1"
"cvoID1","voID1","memberVO1"
"cvoID2","voID1","memberVO1"
"cvoID3","voID1","memberVO1"
"cvoID4","voID1","memberVO1"
"cvoID5","voID1","memberVO1"
"cvoID6","voID1","memberVO1"
"cvoID7","voID1","memberVO1"
"cvoID8","voID1","memberVO1"
"cvoID9","voID1","memberVO1"
"cvoID10","voID1","memberVO1"
"cvoID1","voID1","memberVO1"
"cvoID2","voID1","memberVO1"
"cvoID3","voID1","memberVO1"
"cvoID4","voID1","memberVO1"
"cvoID5","voID1","memberVO1"
"cvoID6","voID1","memberVO1"
"cvoID7","voID1","memberVO1"
"cvoID8","voID1","memberVO1"
"cvoID9","voID1","memberVO1"
"cvoID10","voID1","memberVO1"
"cvoID1","voID1","memberVO1"
"cvoID2","voID1","memberVO1"
"cvoID3","voID1","memberVO1"
"cvoID4","voID1","memberVO1"
"cvoID5","voID1","memberVO1"
"cvoID6","voID1","memberVO1"
"cvoID7","voID1","memberVO1"
"cvoID8","voID1","memberVO1"
"cvoID9","voID1","memberVO1"
"cvoID10","voID1","memberVO1"
