"cvoID","voID","memberVO"
"cvoID_1","voID_1","memberVO_1"
"cvoID_2","voID_1","memberVO_1"
"cvoID_2","voID_2","memberVO_2"
"cvoID_2","voID_3","memberVO_3"
"cvoID_3","voID_1","memberVO_1"
"cvoID_3","voID_2","memberVO_2"
"cvoID_3","voID_3","memberVO_3"
"cvoID_4","voID_1","memberVO_1"
"cvoID_4","voID_2","memberVO_2"
"cvoID_4","voID_3","memberVO_3"
"cvoID_5","voID_1","memberVO_1"
"cvoID_5","voID_2","memberVO_2"
"cvoID_5","voID_3","memberVO_3"
"cvoID_6","voID_1","memberVO_1"
"cvoID_6","voID_2","memberVO_2"
"cvoID_6","voID_3","memberVO_3"
"cvoID_7","voID_1","memberVO_1"
"cvoID_7","voID_2","memberVO_2"
"cvoID_7","voID_3","memberVO_3"
"cvoID_8","voID_1","memberVO_1"
"cvoID_8","voID_2","memberVO_2"
"cvoID_8","voID_3","memberVO_3"
"cvoID_9","voID_1","memberVO_1"
"cvoID_9","voID_2","memberVO_2"
"cvoID_9","voID_3","memberVO_3"
"cvoID_10","voID_1","memberVO_1"
"cvoID_10","voID_2","memberVO_2"
"cvoID_10","voID_3","memberVO_3"
"cvoID_11","voID_1","memberVO_1"
"cvoID_11","voID_2","memberVO_2"
"cvoID_11","voID_3","memberVO_3"
"cvoID_12","voID_1","memberVO_1"
"cvoID_12","voID_2","memberVO_2"
"cvoID_12","voID_3","memberVO_3"
"cvoID_13","voID_1","memberVO_1"
"cvoID_13","voID_2","memberVO_2"
"cvoID_13","voID_3","memberVO_3"
"cvoID_14","voID_1","memberVO_1"
"cvoID_14","voID_2","memberVO_2"
"cvoID_14","voID_3","memberVO_3"
"cvoID_15","voID_1","memberVO_1"
"cvoID_15","voID_2","memberVO_2"
"cvoID_15","voID_3","memberVO_3"
"cvoID_16","voID_1","memberVO_1"
"cvoID_16","voID_2","memberVO_2"
"cvoID_16","voID_3","memberVO_3"
"cvoID_17","voID_1","memberVO_1"
"cvoID_17","voID_2","memberVO_2"
"cvoID_17","voID_3","memberVO_3"
"cvoID_18","voID_1","memberVO_1"
"cvoID_18","voID_2","memberVO_2"
"cvoID_18","voID_3","memberVO_3"
"cvoID_19","voID_1","memberVO_1"
"cvoID_19","voID_2","memberVO_2"
"cvoID_19","voID_3","memberVO_3"
"cvoID_20","voID_1","memberVO_1"
"cvoID_20","voID_2","memberVO_2"
"cvoID_20","voID_3","memberVO_3"
"cvoID_21","voID_1","memberVO_1"
"cvoID_21","voID_2","memberVO_2"
"cvoID_21","voID_3","memberVO_3"
"cvoID_22","voID_1","memberVO_1"
"cvoID_22","voID_2","memberVO_2"
"cvoID_22","voID_3","memberVO_3"
"cvoID_23","voID_1","memberVO_1"
"cvoID_23","voID_2","memberVO_2"
"cvoID_23","voID_3","memberVO_3"
"cvoID_24","voID_1","memberVO_1"
"cvoID_24","voID_2","memberVO_2"
"cvoID_24","voID_3","memberVO_3"
"cvoID_25","voID_1","memberVO_1"
"cvoID_25","voID_2","memberVO_2"
"cvoID_25","voID_3","memberVO_3"
"cvoID_26","voID_1","memberVO_1"
"cvoID_26","voID_2","memberVO_2"
"cvoID_26","voID_3","memberVO_3"
"cvoID_27","voID_1","memberVO_1"
"cvoID_27","voID_2","memberVO_2"
"cvoID_27","voID_3","memberVO_3"
"cvoID_28","voID_1","memberVO_1"
"cvoID_28","voID_2","memberVO_2"
"cvoID_28","voID_3","memberVO_3"
"cvoID_29","voID_1","memberVO_1"
"cvoID_29","voID_2","memberVO_2"
"cvoID_29","voID_3","memberVO_3"
"cvoID_30","voID_1","memberVO_1"
"cvoID_30","voID_2","memberVO_2"
"cvoID_30","voID_3","memberVO_3"
"cvoID_31","voID_1","memberVO_1"
"cvoID_31","voID_2","memberVO_2"
"cvoID_31","voID_3","memberVO_3"
"cvoID_32","voID_1","memberVO_1"
"cvoID_32","voID_2","memberVO_2"
"cvoID_32","voID_3","memberVO_3"
"cvoID_33","voID_1","memberVO_1"
"cvoID_33","voID_2","memberVO_2"
"cvoID_33","voID_3","memberVO_3"
"cvoID_34","voID_1","memberVO_1"
"cvoID_34","voID_2","memberVO_2"
"cvoID_34","voID_3","memberVO_3"
"cvoID_35","voID_1","memberVO_1"
"cvoID_35","voID_2","memberVO_2"
"cvoID_35","voID_3","memberVO_3"
"cvoID_36","voID_1","memberVO_1"
"cvoID_36","voID_2","memberVO_2"
"cvoID_36","voID_3","memberVO_3"
"cvoID_37","voID_1","memberVO_1"
"cvoID_37","voID_2","memberVO_2"
"cvoID_37","voID_3","memberVO_3"
"cvoID_38","voID_1","memberVO_1"
"cvoID_38","voID_2","memberVO_2"
"cvoID_38","voID_3","memberVO_3"
"cvoID_39","voID_1","memberVO_1"
"cvoID_39","voID_2","memberVO_2"
"cvoID_39","voID_3","memberVO_3"
"cvoID_40","voID_1","memberVO_1"
"cvoID_40","voID_2","memberVO_2"
"cvoID_40","voID_3","memberVO_3"
"cvoID_41","voID_1","memberVO_1"
"cvoID_41","voID_2","memberVO_2"
"cvoID_41","voID_3","memberVO_3"
"cvoID_42","voID_9899","memberVO_1"
"cvoID_42","voID_8064","memberVO_2"
"cvoID_42","voID_9709","memberVO_3"
"cvoID_43","voID_5698","memberVO_1"
"cvoID_43","voID_8331","memberVO_2"
"cvoID_43","voID_3115","memberVO_3"
"cvoID_44","voID_9165","memberVO_1"
"cvoID_44","voID_7894","memberVO_2"
"cvoID_44","voID_8406","memberVO_3"
"cvoID_45","voID_8496","memberVO_1"
"cvoID_45","voID_8879","memberVO_2"
"cvoID_45","voID_1015","memberVO_3"
"cvoID_46","voID_8592","memberVO_1"
"cvoID_46","voID_2317","memberVO_2"
"cvoID_46","voID_9397","memberVO_3"
"cvoID_47","voID_3127","memberVO_1"
"cvoID_47","voID_2783","memberVO_2"
"cvoID_47","voID_8971","memberVO_3"
"cvoID_48","voID_6391","memberVO_1"
"cvoID_48","voID_2853","memberVO_2"
"cvoID_48","voID_3995","memberVO_3"
"cvoID_49","voID_6280","memberVO_1"
"cvoID_49","voID_6078","memberVO_2"
"cvoID_49","voID_6371","memberVO_3"
"cvoID_50","voID_5188","memberVO_1"
"cvoID_50","voID_632","memberVO_2"
"cvoID_50","voID_8734","memberVO_3"
"cvoID_51","voID_4630","memberVO_1"
"cvoID_51","voID_7161","memberVO_2"
"cvoID_51","voID_777","memberVO_3"
"cvoID_52","voID_564","memberVO_1"
"cvoID_52","voID_7887","memberVO_2"
"cvoID_52","voID_7788","memberVO_3"
"cvoID_53","voID_2062","memberVO_1"
"cvoID_53","voID_1345","memberVO_2"
"cvoID_53","voID_6116","memberVO_3"
"cvoID_54","voID_445","memberVO_1"
"cvoID_54","voID_4278","memberVO_2"
"cvoID_54","voID_3944","memberVO_3"
"cvoID_55","voID_6365","memberVO_1"
"cvoID_55","voID_2086","memberVO_2"
"cvoID_55","voID_3202","memberVO_3"
"cvoID_56","voID_1649","memberVO_1"
"cvoID_56","voID_4748","memberVO_2"
"cvoID_56","voID_3631","memberVO_3"
"cvoID_57","voID_2864","memberVO_1"
"cvoID_57","voID_6172","memberVO_2"
"cvoID_57","voID_7823","memberVO_3"
"cvoID_58","voID_9886","memberVO_1"
"cvoID_58","voID_9319","memberVO_2"
"cvoID_58","voID_5274","memberVO_3"
"cvoID_59","voID_6868","memberVO_1"
"cvoID_59","voID_7367","memberVO_2"
"cvoID_59","voID_6020","memberVO_3"
"cvoID_60","voID_9224","memberVO_1"
"cvoID_60","voID_4012","memberVO_2"
"cvoID_60","voID_6704","memberVO_3"
"cvoID_61","voID_3738","memberVO_1"
"cvoID_61","voID_8971","memberVO_2"
"cvoID_61","voID_3921","memberVO_3"
